[1989-00-00][1989-08-17]

Note: This was the first tour with the current line-up. The "Mother's Milk" tour was lot of fun according to the guys. They still had that crazy early magic and started to become very popular in the USA.

?? ?? 	USA 	New Haven, CT 	Palace Theatre 	[Ticket]-[Setlist]-[Reviews]-[Pics]-[Comments]
?? ?? 	USA 	Austin, TX 	The Terrace 	[Ticket]-[Setlist]-[Reviews]-[Pics]-[Comments]
?? ?? 	USA 	Knoxville, TN 	National Guard Armory 	[Ticket]-[Setlist]-[Reviews]-[Pics]-[Comments]
?? ?? 	USA 	New York, NY 	The Palladium (Club MTV) 	[Ticket]-[Setlist]-[Reviews]-[Pics]-[Comments]
Jan 22 	USA 	Hollywood, CA 	Roxy 	[Ticket]-[Setlist]-[Reviews]-[Pics]-[Comments]
Feb 20 	USA 	Philadelphia, PA 	Theater Of Living Arts 	[Ticket]-[Setlist]-[Reviews]-[Pics]-[Comments]
Mar ?? 	USA 	Indianapolis, IN 	The Patio 	[Ticket]-[Setlist]-[Reviews]-[Pics]-[Comments]
Mar 9 	USA 	Austin, TX 	Opera House 	[Ticket]-[Setlist]-[Reviews]-[Pics]-[Comments]
Mar 10 	USA 	San Antonio, TX 	Showcase Special Events Center 	[Ticket]-[Setlist]-[Reviews]-[Pics]-[Comments]
Mar 11 	USA 	Houston, TX 	The Ensemble 	[Ticket]-[Setlist]-[Reviews]-[Pics]-[Comments]
Mar 13 	USA 	Gainesville, FL 	Central City 	[Ticket]-[Setlist]-[Reviews]-[Pics]-[Comments]
Mar 15 	USA 	Jacksonville Beach, FL 	Einstein a Go-Go 	[Ticket]-[Setlist]-[Reviews]-[Pics]-[Comments]
Mar 16 	USA 	Orlando, FL 	The Visage 	[Ticket]-[Setlist]-[Reviews]-[Pics]-[Comments]
Mar 17 	USA 	St.Petersburg, FL 	Jannus Landing 	[Ticket]-[Setlist]-[Reviews]-[Pics]-[Comments]
Mar 18 	USA 	Miami Beach, FL 	Cameo Theatre 	[Ticket]-[Setlist]-[Reviews]-[Pics]-[Comments]
Mar 19 	USA 	West Palm Beach, FL 	Respectable Street Cafe 	[Ticket]-[Setlist]-[Reviews]-[Pics]-[Comments]
Mar 30 	USA 	Seattle, WA 	Moore Theatre 	[Ticket]-[Setlist]-[Reviews]-[Pics]-[Comments]
Mar 31 	Canada 	Vancouver, BC 	Commodore Ballroom 	[Ticket]-[Setlist]-[Reviews]-[Pics]-[Comments]
Apr 1 	USA 	Portland, OR 	Pine St. Theatre 	[Ticket]-[Setlist]-[Reviews]-[Pics]-[Comments]
Apr 7 	USA 	San Francisco, CA 	The Fillmore 	[Ticket]-[Setlist]-[Reviews]-[Pics]-[Comments]
Apr 14 	USA 	Richmond, VA 	Shafer Court 	[Ticket]-[Setlist]-[Reviews]-[Pics]-[Comments]
Apr 21 	USA 	Fairfax, VA 	George Mason University Patriot Center 	[Ticket]-[Setlist]-[Reviews]-[Pics]-[Comments]
Apr 28 	USA 	Bayshore, NY 	Sundance Club 	[Ticket]-[Setlist]-[Reviews]-[Pics]-[Comments]
Apr 29 	USA 	Poughkeepsie, NY 	Vassar College 	[Ticket]-[Setlist]-[Reviews]-[Pics]-[Comments]
Jun 3 	Mexico 	Tijuana, MX 	Iguanas 	[Ticket]-[Setlist]-[Reviews]-[Pics]-[Comments]
Jun 30 	USA 	Honolulu, HI 	Aloha Tower 	[Ticket]-[Setlist]-[Reviews]-[Pics]-[Comments]
Jul 11 	USA 	Hollywood, CA 	Hollywood Palace 	[Ticket]-[Setlist]-[Reviews]-[Pics]-[Comments]
Aug ?? 	USA 	New York, NY 	Tramps 	[Ticket]-[Setlist]-[Reviews]-[Pics]-[Comments]
Aug 17 	USA 	Riverside, CA 	Monopoly's 	[Ticket]-[Setlist]-[Reviews]-[Pics]-[Comments]

[1989-08-26][1989-08-27]

Note: European tour. The first with John. I am pretty sure there were more dates. Let me know if you have more information. 

Aug 26 	Netherlands 	Amsterdam 	Dam Square 	[Ticket]-[Setlist]-[Reviews]-[Pics]-[Comments]
Aug 27 	Belgium 	Hasselt 	Pukkelpop Festival 	Cancelled-[Comments]

[1989-09-00][1989-12-31]
Note: This leg of the US tour started on September 8 with Mary's Danish. Other support bands were Primus, Sprawl and Black Crowes.

Sep ?? 	USA 	Hollywood, CA 	Paramount Studios (Arsenio Hall Show) 	[Ticket]-[Setlist]-[Reviews]-[Pics]-[Comments]
Sep ?? 	USA 	Hollywood, CA 	The Greek Theater 	[Ticket]-[Setlist]-[Reviews]-[Pics]-[Comments]
Sep 8 	Canada 	Vancouver, BC 	Commodore Ballroom 	[Ticket]-[Setlist]-[Reviews]-[Pics]-[Comments]
Sep 9 	USA 	Seattle, WA 	Moore Theatre 	[Ticket]-[Setlist]-[Reviews]-[Pics]-[Comments]
Sep 10 	USA 	Portland, OR 	Starry Night 	[Ticket]-[Setlist]-[Reviews]-[Pics]-[Comments]
Sep 12 	USA 	Redway, CA 	Mateel Comm. Center 	[Ticket]-[Setlist]-[Reviews]-[Pics]-[Comments]
Sep 15 	USA 	San Francisco, CA 	The Fillmore 	[Ticket]-[Setlist]-[Reviews]-[Pics]-[Comments]
Sep 16 	USA 	San Francisco, CA 	The Fillmore 	[Ticket]-[Setlist]-[Reviews]-[Pics]-[Comments]
Sep 17 	USA 	Santa Cruz, CA 	The Catalyst 	[Ticket]-[Setlist]-[Reviews]-[Pics]-[Comments]
Sep 18 	USA 	Santa Clara, CA 	One Step Beyond 	[Ticket]-[Setlist]-[Reviews]-[Pics]-[Comments]
Sep 19 	USA 	St Louis, MO 	Mississippi Nights 	[Ticket]-[Setlist]-[Reviews]-[Pics]-[Comments]
Sep 21 	USA 	Ventura, CA 	Ventura Theater 	[Ticket]-[Setlist]-[Reviews]-[Pics]-[Comments]
Sep 22 	USA 	Hollywood, CA 	Hollywood Palladium 	[Ticket]-[Setlist]-[Reviews]-[Pics]-[Comments]
Sep 23 	Mexico 	Tijuana, MX 	Iguanas 	[Ticket]-[Setlist]-[Reviews]-[Pics]-[Comments]
Sep 24 	Mexico 	Tijuana, MX 	Iguanas 	[Ticket]-[Setlist]-[Reviews]-[Pics]-[Comments]
Sep 26 	USA 	Phoenix, AZ 	? 	[Ticket]-[Setlist]-[Reviews]-[Pics]-[Comments]
Sep 27 	USA 	Albuquerque, NM 	? 	[Ticket]-[Setlist]-[Reviews]-[Pics]-[Comments]
Sep 28 	USA 	Scottsdale, AZ 	Big Surf Waterpark 	[Ticket]-[Setlist]-[Reviews]-[Pics]-[Comments]
Sep 29 	USA 	Dallas, TX 	Bronco Bowl 	[Ticket]-[Setlist]-[Reviews]-[Pics]-[Comments]
Sep 30 	USA 	Houston, TX 	The Ensemble 	[Ticket]-[Setlist]-[Reviews]-[Pics]-[Comments]
Oct ?? 	USA 	New York, NY 	Beacon Theatre 	[Ticket]-[Setlist]-[Reviews]-[Pics]-[Comments]
Oct 1 	USA 	Austin, TX 	Opera House 	[Ticket]-[Setlist]-[Reviews]-[Pics]-[Comments]
Oct 3 	USA 	Springfield, MO 	? 	[Ticket]-[Setlist]-[Reviews]-[Pics]-[Comments]
Oct 4 	USA 	St Louis, MO 	Mississippi Nights 	[Ticket]-[Setlist]-[Reviews]-[Pics]-[Comments]
Oct 5 	USA 	St Louis, MO 	Mississippi Nights 	[Ticket]-[Setlist]-[Reviews]-[Pics]-[Comments]
Oct 6 	USA 	Chicago, IL 	The Vic Theatre 	[Ticket]-[Setlist]-[Reviews]-[Pics]-[Comments]
Oct 7 	USA 	Milwaukee, WI 	? 	[Ticket]-[Setlist]-[Reviews]-[Pics]-[Comments]
Oct 9 	USA 	Minneapolis, MN 	First Avenue Club 	[Ticket]-[Setlist]-[Reviews]-[Pics]-[Comments]
Oct 10 	USA 	Minneapolis, MN 	First Avenue Club 	[Ticket]-[Setlist]-[Reviews]-[Pics]-[Comments]
Oct 11 	USA 	Omaha, NE 	? 	[Ticket]-[Setlist]-[Reviews]-[Pics]-[Comments]
Oct 12 	USA 	Chicago, IL 	The Vic Theatre 	[Ticket]-[Setlist]-[Reviews]-[Pics]-[Comments]
Oct 13 	USA 	Ann Arbor, MI 	Michigan Theatre 	[Ticket]-[Setlist]-[Reviews]-[Pics]-[Comments]
Oct 14 	USA 	Indianapolis, IN 	? 	[Ticket]-[Setlist]-[Reviews]-[Pics]-[Comments]
Oct 15 	USA 	Louisville, KY 	Macauley Theatre 	[Ticket]-[Setlist]-[Reviews]-[Pics]-[Comments]
Oct 16 	USA 	Lexington, KY 	UK Student Center Ballroom 	[Ticket]-[Setlist]-[Reviews]-[Pics]-[Comments]
Oct 17 	USA 	Cleveland, OH 	? 	[Ticket]-[Setlist]-[Reviews]-[Pics]-[Comments]
Oct 18 	Canada 	Toronto, ON 	The Diamond 	[Ticket]-[Setlist]-[Reviews]-[Pics]-[Comments]
Oct 20 	USA 	Boston, MA 	The Channel 	[Ticket]-[Setlist]-[Reviews]-[Pics]-[Comments]
Oct 21 	USA 	Providence, IR 	The Living Room 	[Ticket]-[Setlist]-[Reviews]-[Pics]-[Comments]
Oct 22 	USA 	Stony Brook, NY 	State University 	[Ticket]-[Setlist]-[Reviews]-[Pics]-[Comments]
Oct 23 	USA 	Brockport, NY 	College Gymnasium 	[Ticket]-[Setlist]-[Reviews]-[Pics]-[Comments]
Oct 24 	USA 	Buffalo, NY 	BSC Student Union Sociall Hall 	[Ticket]-[Setlist]-[Reviews]-[Pics]-[Comments]
Oct 26 	USA 	New York, NY 	New Music Awards 	[Ticket]-[Setlist]-[Reviews]-[Pics]-[Comments]
Oct 27 	USA 	New York, NY 	The New Ritz 	[Ticket]-[Setlist]-[Reviews]-[Pics]-[Comments]
Oct 28 	USA 	Philadelphia, PA 	Chestnut Cabaret 	[Ticket]-[Setlist]-[Reviews]-[Pics]-[Comments]
Nov 12 	USA 	New York, NY 	L'Amour 	[Ticket]-[Setlist]-[Reviews]-[Pics]-[Comments]
Nov 13 	USA 	Poughkeepsie, NY 	The Chance 	[Ticket]-[Setlist]-[Reviews]-[Pics]-[Comments]
Nov 15 	USA 	Baltimore, MD 	Godfrey's Famous Ballroom 	[Ticket]-[Setlist]-[Reviews]-[Pics]-[Comments]
Nov 17 	USA 	Washington, DC 	Lisner Auditorium 	[Ticket]-[Setlist]-[Reviews]-[Pics]-[Comments]
Nov 18 	USA 	Norfolk, VA 	The Boathouse 	[Ticket]-[Setlist]-[Reviews]-[Pics]-[Comments]
Nov 20 	USA 	Columbus, OH 	Newport Music Hall 	[Ticket]-[Setlist]-[Reviews]-[Pics]-[Comments]
Nov 21 	USA 	Cleveland, OH 	Phantasy Theatre 	[Ticket]-[Setlist]-[Reviews]-[Pics]-[Comments]
Nov 22 	USA 	Detroit, MI 	Latin Quarter 	[Ticket]-[Setlist]-[Reviews]-[Pics]-[Comments]
Nov 24 	USA 	Cincinatti, OH 	Bogarts 	[Ticket]-[Setlist]-[Reviews]-[Pics]-[Comments]
Nov 25 	USA 	Chicago, IL 	The Riviera 	[Ticket]-[Setlist]-[Reviews]-[Pics]-[Comments]
Nov 26 	USA 	Green Bay, WI 	Riverside Ballroom 	[Ticket]-[Setlist]-[Reviews]-[Pics]-[Comments]
Nov 27 	USA 	Madison, WI 	Barrymore Theater 	[Ticket]-[Setlist]-[Reviews]-[Pics]-[Comments]
Nov 29 	USA 	Memphis, TN 	The New Daisy 	[Ticket]-[Setlist]-[Reviews]-[Pics]-[Comments]
Nov 30 	USA 	Columbus, OH 	? 	[Ticket]-[Setlist]-[Reviews]-[Pics]-[Comments]
Dec ?? 	USA 	San Francisco, CA 	Sports Arena 	[Ticket]-[Setlist]-[Reviews]-[Pics]-[Comments]
Dec ?? 	USA 	Houston, TX 	Club Splash 	[Ticket]-[Setlist]-[Reviews]-[Pics]-[Comments]
Dec 1 	USA 	Atlanta, GA 	The Fox 	[Ticket]-[Setlist]-[Reviews]-[Pics]-[Comments]
Dec 2 	USA 	Charlotte, NC 	13-13 Club 	[Ticket]-[Setlist]-[Reviews]-[Pics]-[Comments]
Dec 4 	USA 	Columbia, SC 	Huger Auditorium 	[Ticket]-[Setlist]-[Reviews]-[Pics]-[Comments]
Dec 5 	USA 	Knoxville, TN 	Convention Center 	[Ticket]-[Setlist]-[Reviews]-[Pics]-[Comments]
Dec 6 	USA 	Tallahassee, FL 	The Musical Moon 	[Ticket]-[Setlist]-[Reviews]-[Pics]-[Comments]
Dec 7 	USA 	St Petersburg, FL 	Jannus Landing 	[Ticket]-[Setlist]-[Reviews]-[Pics]-[Comments]
Dec 8 	USA 	St Petersburg, FL 	Jannus Landing 	[Ticket]-[Setlist]-[Reviews]-[Pics]-[Comments]
Dec 9 	USA 	Orlando, FL 	The Visage 	[Ticket]-[Setlist]-[Reviews]-[Pics]-[Comments]
Dec 10 	USA 	Miami Beach, FL 	Deco's Club 	[Ticket]-[Setlist]-[Reviews]-[Pics]-[Comments]
Dec 14 	USA 	Birmingham, AL 	UAB Campus 	[Ticket]-[Setlist]-[Reviews]-[Pics]-[Comments]
Dec 15 	USA 	New orleans, LA 	Saenger Performing Arts center 	[Ticket]-[Setlist]-[Reviews]-[Pics]-[Comments]
Dec 16 	USA 	Denver, CO 	CO Indoor Sports Complex 	[Ticket]-[Setlist]-[Reviews]-[Pics]-[Comments]
Dec 27 	USA 	San Francisco, CA 	The Warfield 	[Ticket]-[Setlist]-[Reviews]-[Pics]-[Comments]
Dec 28 	USA 	San Francisco, CA 	The Warfield 	[Ticket]-[Setlist]-[Reviews]-[Pics]-[Comments]
Dec 30 	USA 	Long Beach, CA 	Long Beach Arena 	[Ticket]-[Setlist]-[Reviews]-[Pics]-[Comments]
Dec 31 	USA 	San Diego, CA 	Sports Arena 	[Ticket]-[Setlist]-[Reviews]-[Pics]-[Comments]

[1990-00-00][1990-01-10]

Note: A few unknown dates.

Jan ?? 	USA 	Houston, TX 	? 	[Ticket]-[Setlist]-[Reviews]-[Pics]-[Comments]
Jan ?? 	USA 	?, KY 	Kentucky University 	[Ticket]-[Setlist]-[Reviews]-[Pics]-[Comments]
Jan ?? 	USA 	Chicago, IL 	? 	[Ticket]-[Setlist]-[Reviews]-[Pics]-[Comments]
Jan ?? 	USA 	Milwaukee, WI 	? 	[Ticket]-[Setlist]-[Reviews]-[Pics]-[Comments]
Jan ?? 	USA 	Cincinnati, OH 	? 	[Ticket]-[Setlist]-[Reviews]-[Pics]-[Comments]
Jan 1 	USA 	?, MN 	? 	[Ticket]-[Setlist]-[Reviews]-[Pics]-[Comments]
Jan 10 	USA 	? 	Night Music 	[Ticket]-[Setlist]-[Reviews]-[Pics]-[Comments]

[1990-01-24][1990-01-27]

Note: A 4-dates Japanese tour. If you have any other information about the Jan. 24, 25 and 27 shows, please let me know.

Jan 24 	Japan 	Nagoya 	Nagoya Club Quattro 	[Ticket]-[Setlist]-[Reviews]-[Pics]-[Comments]
Jan 25 	Japan 	Osaka 	Osaka Muse Hall 	[Ticket]-[Setlist]-[Reviews]-[Pics]-[Comments]
Jan 26 	Japan 	Kawasaki 	Club Citta 	[Ticket]-[Setlist]-[Reviews]-[Pics]-[Comments]
Jan 27 	Japan 	Kawasaki 	Club Citta 	[Ticket]-[Setlist]-[Reviews]-[Pics]-[Comments]

[1990-02-00][1990-03-08]

Note: The Great Expectorations Tour.


Feb ?? 	United Kingdom 	London 	Jonathan Ross Show 	[Ticket]-[Setlist]-[Reviews]-[Pics]-[Comments]
Feb 2 	United Kingdom 	Sheffield 	Polytechnic 	[Ticket]-[Setlist]-[Reviews]-[Pics]-[Comments]
Feb 3 	Scotland 	Glasgow 	Q.M.U. 	[Ticket]-[Setlist]-[Reviews]-[Pics]-[Comments]
Feb 5 	Scotland 	Edinburgh 	Network 	[Ticket]-[Setlist]-[Reviews]-[Pics]-[Comments]
Feb 6 	United Kingdom 	Newcastle 	Riverside Club 	[Ticket]-[Setlist]-[Reviews]-[Pics]-[Comments]
Feb 7 	United Kingdom 	Leeds 	University 	[Ticket]-[Setlist]-[Reviews]-[Pics]-[Comments]
Feb 9 	United Kingdom 	Norwich 	U.E.A. 	[Ticket]-[Setlist]-[Reviews]-[Pics]-[Comments]
Feb 10 	United Kingdom 	Portsmouth 	Polytechnic Student's Union 	[Ticket]-[Setlist]-[Reviews]-[Pics]-[Comments]
Feb 11 	United Kingdom 	London 	Astoria 	[Ticket]-[Setlist]-[Reviews]-[Pics]-[Comments]
Feb 13 	Belgium 	Gent 	Vooruit 	[Ticket]-[Setlist]-[Reviews]-[Pics]-[Comments]
Feb 14 	Netherlands 	Hilversum 	Nozems A Go Go 	[Ticket]-[Setlist]-[Reviews]-[Pics]-[Comments]
Feb 14 	Netherlands 	Tilburg 	Noorderligt 	[Ticket]-[Setlist]-[Reviews]-[Pics]-[Comments]
Feb 16 	Netherlands 	Utrecht 	Tivoli 	[Ticket]-[Setlist]-[Reviews]-[Pics]-[Comments]
Feb 17 	Netherlands 	Amsterdam 	Paradiso 	[Ticket]-[Setlist]-[Reviews]-[Pics]-[Comments]
Feb 18 	Netherlands 	Rotterdam 	Night Town 	[Ticket]-[Setlist]-[Reviews]-[Pics]-[Comments]
Feb 19 	Germany 	Bonn 	Biskuithalle 	[Ticket]-[Setlist]-[Reviews]-[Pics]-[Comments]
Feb 21 	Germany 	Hamburg 	Hamburg Docks 	[Ticket]-[Setlist]-[Reviews]-[Pics]-[Comments]
Feb 22 	Germany 	Oberhausen 	Musik Circus 	[Ticket]-[Setlist]-[Reviews]-[Pics]-[Comments]
Feb 23 	Germany 	Frankfurt 	Batschkapp 	[Ticket]-[Setlist]-[Reviews]-[Pics]-[Comments]
Feb 25 	Germany 	Munchen 	Nachtwerk 	[Ticket]-[Setlist]-[Reviews]-[Pics]-[Comments]
Feb 26 	Austria 	Vienna 	Das Z 	[Ticket]-[Setlist]-[Reviews]-[Pics]-[Comments]
Feb 28 	Switzerland 	Zurich 	Rote Fabrik 	[Ticket]-[Setlist]-[Reviews]-[Pics]-[Comments]
Mar 1 	France 	Lyon 	Transbordeur 	[Ticket]-[Setlist]-[Reviews]-[Pics]-[Comments]
Mar 2 	France 	Besançon 	Le Cousty Bar 	[Ticket]-[Setlist]-[Reviews]-[Pics]-[Comments]
Mar 4 	France 	Paris 	Elysee Montmartre 	[Ticket]-[Setlist]-[Reviews]-[Pics]-[Comments]
Mar 5 	Netherlands 	Geleen 	Hanenhof 	[Ticket]-[Setlist]-[Reviews]-[Pics]-[Comments]
Mar 7 	United Kingdom 	Nottingham 	Nottingham Rock City 	[Ticket]-[Setlist]-[Reviews]-[Pics]-[Comments]
Mar 8 	United Kingdom 	London 	Astoria 	[Ticket]-[Setlist]-[Reviews]-[Pics]-[Comments]

[1990-03-00][1990-05-26]


Note: US Tour. Incomplete for sure.

Mar ?? 	USA 	? 	Save The Planet 	[Ticket]-[Setlist]-[Reviews]-[Pics]-[Comments]
Mar ?? 	USA 	St Petersburg, FL 	The State Theatre 	[Ticket]-[Setlist]-[Reviews]-[Pics]-[Comments]
Mar 14 	USA 	Daytona Beach, FL 	Texan Hotel 	[Ticket]-[Setlist]-[Reviews]-[Pics]-[Comments]
Mar 15 	USA 	Daytona Beach, FL 	The Marriott Club 	[Ticket]-[Setlist]-[Reviews]-[Pics]-[Comments]
Mar 30 	USA 	New York, NY 	Late Night 	[Ticket]-[Setlist]-[Reviews]-[Pics]-[Comments]
Apr 1 	USA 	Baltimore, MD 	The 8x10 Club 	[Ticket]-[Setlist]-[Reviews]-[Pics]-[Comments]
Apr 18 	USA 	Los Angeles, CA 	Hollywood Palladium 	[Ticket]-[Setlist]-[Reviews]-[Pics]-[Comments]
Apr 20 	USA 	Owings Mills, MD 	Painters Mill 	[Ticket]-[Setlist]-[Reviews]-[Pics]-[Comments]
Apr 21 	USA 	Philadelphia, PA 	Irvine Auditorium 	[Ticket]-[Setlist]-[Reviews]-[Pics]-[Comments]
Apr 23 	USA 	Madison, NJ 	Baldwin Gym, Drew University 	[Ticket]-[Setlist]-[Reviews]-[Pics]-[Comments]
Apr 26 	USA 	New York, NY 	The Ritz 	[Ticket]-[Setlist]-[Reviews]-[Pics]-[Comments]
Apr 27 	USA 	New York, NY 	The Ritz 	[Ticket]-[Setlist]-[Reviews]-[Pics]-[Comments]
Apr 29 	USA 	Kingston, RI 	URI Keaney Gym 	[Ticket]-[Setlist]-[Reviews]-[Pics]-[Comments]
May ?? 	USA 	Providence, RI 	Rymac Gym 	[Ticket]-[Setlist]-[Reviews]-[Pics]-[Comments]
May ?? 	USA 	New York, NY 	The Roxy 	[Ticket]-[Setlist]-[Reviews]-[Pics]-[Comments]
May 1 	USA 	Boston, MA 	Orpheum Theatre 	[Ticket]-[Setlist]-[Reviews]-[Pics]-[Comments]
May 2 	USA 	Boston, MA 	Orpheum Theatre 	[Ticket]-[Setlist]-[Reviews]-[Pics]-[Comments]
May 4 	USA 	Waterbury, CT 	Palace Theater 	[Ticket]-[Setlist]-[Reviews]-[Pics]-[Comments]
May 6 	USA 	Durham, NH 	University Of New Hampshire 	[Ticket]-[Setlist]-[Reviews]-[Pics]-[Comments]
May 25 	USA 	Denver, CO 	Red Rocks 	[Ticket]-[Setlist]-[Reviews]-[Pics]-[Comments]
May 26 	USA 	Salt Lake City, UT 	Park West 	[Ticket]-[Setlist]-[Reviews]-[Pics]-[Comments]


[1990-05-27][1990-06-01]

Note: Another US Leg.

May 27 	USA 	Austin, TX 	Auditorium Shores (Riverfest) 	[Ticket]-[Setlist]-[Reviews]-[Pics]-[Comments]
May 29 	USA 	Dallas, TX 	Bronco Bowl 	[Ticket]-[Setlist]-[Reviews]-[Pics]-[Comments]
May 30 	USA 	Houston, TX 	Sam Coliseum 	[Ticket]-[Setlist]-[Reviews]-[Pics]-[Comments]
Jun 1 	USA 	Phoenix, AZ 	Mesa Amphitheatre 	[Ticket]-[Setlist]-[Reviews]-[Pics]-[Comments]

[1990-06-04][1990-06-09]

Note: A few dates in Europe including the Pinkpop Festival.

Jun 4 	Netherlands 	Landgraaf 	Pinkpop Festival 	[Ticket]-[Setlist]-[Reviews]-[Pics]-[Comments]
Jun 6 	United Kingdom 	London 	Brixton Academy 	[Ticket]-[Setlist]-[Reviews]-[Pics]-[Comments]
Jun 7 	United Kingdom 	Birmingham 	Hummingbird 	[Ticket]-[Setlist]-[Reviews]-[Pics]-[Comments]
Jun 8 	United Kingdom 	Leeds 	University 	[Ticket]-[Setlist]-[Reviews]-[Pics]-[Comments]
Jun 9 	United Kingdom 	Manchester 	Apollo 	[Ticket]-[Setlist]-[Reviews]-[Pics]-[Comments]

[1990-06-16][1990-12-31]
Note: The last dates of the tour. Probably incomplete.

Jun 16 	USA 	Los Angeles, CA 	Greek Theatre 	[Ticket]-[Setlist]-[Reviews]-[Pics]-[Comments]
Jun 28 	Denmark 	Roskilde 	Roskilde Festival 	Cancelled-[Pics]-[Comments]
Jul 21 	USA 	Oakland, CA 	H.J.K. Convention Center 	[Ticket]-[Setlist]-[Reviews]-[Pics]-[Comments]
Aug 12 	USA 	Hollywood, CA 	The Roxy 	[Ticket]-[Setlist]-[Reviews]-[Pics]-[Comments]
Oct 31 	USA 	Los Angeles, CA 	Bel Air Resident 	[Ticket]-[Setlist]-[Reviews]-[Pics]-[Comments]
Dec 7 	USA 	Houston, TX 	The Unicorn 	[Ticket]-[Setlist]-[Reviews]-[Pics]-[Comments]
Dec 8 	USA 	Austin, TX 	City Coliseum 	[Ticket]-[Setlist]-[Reviews]-[Pics]-[Comments]
Dec 11 	USA 	Dallas, TX 	Bronco Bowl 	[Ticket]-[Setlist]-[Reviews]-[Pics]-[Comments]
Dec 23 	USA 	Phoenix, AZ 	? 	[Ticket]-[Setlist]-[Reviews]-[Pics]-[Comments]
Dec 31 	USA 	San Francisco, CA 	Civic Center 	[Ticket]-[Setlist]-[Reviews]-[Pics]-[Comments]