[1987-00-00][1987-09-20]
Note: They probably made a bigger tour but that's all I have.

?? ?? 	USA 	Hollywood, CA 	The Scream Club 	[Ticket]-[Setlist]-[Reviews]-[Pics]-[Comments]
?? ?? 	USA 	Savannah, GA 	Congress Street Station 	[Ticket]-[Setlist]-[Reviews]-[Pics]-[Comments]
?? ?? 	USA 	Athens, GA 	Uptown Lounge 	[Ticket]-[Setlist]-[Reviews]-[Pics]-[Comments]
?? ?? 	USA 	Charlottesville, VA 	Trax 	[Ticket]-[Setlist]-[Reviews]-[Pics]-[Comments]
?? ?? 	USA 	Philadelphia, PA 	Irvine Auditorium 	[Ticket]-[Setlist]-[Reviews]-[Pics]-[Comments]
?? ?? 	USA 	Columbia, SC 	Rockafellas 	[Ticket]-[Setlist]-[Reviews]-[Pics]-[Comments]
Jan ?? 	USA 	Minneapolis, MN 	First Avenue Club 	[Ticket]-[Setlist]-[Reviews]-[Pics]-[Comments]
Jan 9 	USA 	Long Beach, CA 	Fender's Ballroom 	[Ticket]-[Setlist]-[Reviews]-[Pics]-[Comments]
Mar ?? 	USA 	Washington, DC 	9:30 Club 	[Ticket]-[Setlist]-[Reviews]-[Pics]-[Comments]
Mar 5 	USA 	Hollywood, CA 	The Variety Arts Center 	[Ticket]-[Setlist]-[Reviews]-[Pics]-[Comments]
Apr ?? 	USA 	Columbia, SC 	Huger Street Concert Hall 	[Ticket]-[Setlist]-[Reviews]-[Pics]-[Comments]
Jun 5 	USA 	San Diego, CA 	North Park Lions Club 	[Ticket]-[Setlist]-[Reviews]-[Pics]-[Comments]
Jun 14 	USA 	Fullerton, CA 	Goodies 	[Ticket]-[Setlist]-[Reviews]-[Pics]-[Comments]
Jun 27 	USA 	Seattle, WA 	Moore Theater 	[Ticket]-[Setlist]-[Reviews]-[Pics]-[Comments]
Jun 30 	Canada 	Calgary, AB 	The Westward Club 	[Ticket]-[Setlist]-[Reviews]-[Pics]-[Comments]
Jul 1 	Canada 	Edmonton, AB 	Club John's 	[Ticket]-[Setlist]-[Reviews]-[Pics]-[Comments]
Jul 5 	Canada 	Victoria, BC 	Harpo's 	[Ticket]-[Setlist]-[Reviews]-[Pics]-[Comments]
Jul 9 	USA 	Sacramento, CA 	?? 	[Ticket]-[Setlist]-[Reviews]-[Pics]-[Comments]
Jul 10 	USA 	Santa Cruz, CA 	The Catalyst 	[Ticket]-[Setlist]-[Reviews]-[Pics]-[Comments]
Jul 12 	USA 	Cotati, CA 	Cotati Cabaret 	[Ticket]-[Setlist]-[Reviews]-[Pics]-[Comments]
Jul 13 	USA 	Oakland, CA 	The Omni 	[Ticket]-[Setlist]-[Reviews]-[Pics]-[Comments]
Aug 1 	USA 	Pasadena, CA 	Perkins Palace 	[Ticket]-[Setlist]-[Reviews]-[Pics]-[Comments]
Aug 7 	USA 	Hollywood, CA 	Late Show With Arsenio Hall 	[Ticket]-[Setlist]-[Reviews]-[Pics]-[Comments]
Aug 11 	USA 	Pittsburgh, PA 	The Graffiti 	[Ticket]-[Setlist]-[Reviews]-[Pics]-[Comments]
Aug 29 	USA 	Phoenix, AZ 	Deja Vu 	[Ticket]-[Setlist]-[Reviews]-[Pics]-[Comments]
Aug 30 	USA 	Tuscon, AZ 	Tuscon Garden 	[Ticket]-[Setlist]-[Reviews]-[Pics]-[Comments]
Sep 2 	USA 	Hollywood, CA 	The Roxy 	[Ticket]-[Setlist]-[Reviews]-[Pics]-[Comments]
Sep 20 	USA 	Los Angeles, CA 	Vision Skate Escape 	[Ticket]-[Setlist]-[Reviews]-[Pics]-[Comments]

[1987-10-00][1987-12-31]
Note: They started a 2 months-tour from Oct.21 with Faith No More as opening act.

Oct ?? 	USA 	Charlotte, NC 	Kidnappers 	[Ticket]-[Setlist]-[Reviews]-[Pics]-[Comments]
Oct ?? 	USA 	Louisville, KY 	Macauley Theater 	[Ticket]-[Setlist]-[Reviews]-[Pics]-[Comments]
Oct ?? 	USA 	New Orleans, LA 	? 	[Ticket]-[Setlist]-[Reviews]-[Pics]-[Comments]
Oct ?? 	USA 	Neptune, NJ 	Green Parrot Club 	[Ticket]-[Setlist]-[Reviews]-[Pics]-[Comments]
Oct ?? 	USA 	New York, NY 	The Ritz 	[Ticket]-[Setlist]-[Reviews]-[Pics]-[Comments]
Oct ?? 	USA 	Hoboken, NJ 	Maxwell's 	[Ticket]-[Setlist]-[Reviews]-[Pics]-[Comments]
Oct 16 	United Kingdom 	London 	Klub Foot 	Cancelled-[Ticket]-[Comments]
Oct 22 	USA 	Philadelphia, PA 	The Chestnut Cabaret 	[Ticket]-[Setlist]-[Reviews]-[Pics]-[Comments]
Oct 24 	USA 	Syracuse, NY 	The Horizon 	[Ticket]-[Setlist]-[Reviews]-[Pics]-[Comments]
Oct 27 	USA 	Washington, DC 	9:30 Club 	[Ticket]-[Setlist]-[Reviews]-[Pics]-[Comments]
Oct 30 	USA 	New York, NY 	Limelight 	[Ticket]-[Setlist]-[Reviews]-[Pics]-[Comments]
Oct 31 	USA 	New York, NY 	The Ritz 	[Ticket]-[Setlist]-[Reviews]-[Pics]-[Comments]
Nov ?? 	USA 	Pittsburgh, PA 	The Graffitti 	[Ticket]-[Setlist]-[Reviews]-[Pics]-[Comments]
Nov ?? 	USA 	? 	United Cerebral Palsy Telethon 	[Ticket]-[Setlist]-[Reviews]-[Pics]-[Comments]
Nov 3 	USA 	Albany, NY 	The QE2 	[Ticket]-[Setlist]-[Reviews]-[Pics]-[Comments]
Nov 5 	USA 	Boston, MA 	The Paradise 	[Ticket]-[Setlist]-[Reviews]-[Pics]-[Comments]
Nov 8 	USA 	Trenton, NJ 	City Gardens 	[Ticket]-[Setlist]-[Reviews]-[Pics]-[Comments]
Nov 10 	USA 	Columbus, OH 	The Newport Music Hall 	[Ticket]-[Setlist]-[Reviews]-[Pics]-[Comments]
Nov 11 	USA 	Cincinatti, OH 	Bogarts 	[Ticket]-[Setlist]-[Reviews]-[Pics]-[Comments]
Nov 14 	USA 	Chicago, IL 	The Metro 	[Ticket]-[Setlist]-[Reviews]-[Pics]-[Comments]
Nov 15 	USA 	Ann Arbor, MI 	Sensations 	[Ticket]-[Setlist]-[Reviews]-[Pics]-[Comments]
Nov 16 	USA 	Indianapolis, IN 	The Vogue 	[Ticket]-[Setlist]-[Reviews]-[Pics]-[Comments]
Nov 18 	USA 	Minneapolis, MN 	First Avenue Club 	[Ticket]-[Setlist]-[Reviews]-[Pics]-[Comments]
Nov 21 	USA 	Kansas City, MO 	Uptown Theatre 	[Ticket]-[Setlist]-[Reviews]-[Pics]-[Comments]
Nov 24 	USA 	St.Louis, MO 	Mississippi Nights 	[Ticket]-[Setlist]-[Reviews]-[Pics]-[Comments]
Nov 25 	USA 	Louisville, KY 	Hugs 	[Ticket]-[Setlist]-[Reviews]-[Pics]-[Comments]
Nov 26 	USA 	Nashville, TN 	The Exit/In 	[Ticket]-[Setlist]-[Reviews]-[Pics]-[Comments]
Nov 28 	USA 	Atlanta, GA 	Metroplex 	[Ticket]-[Setlist]-[Reviews]-[Pics]-[Comments]
Dec ?? 	USA 	Boulder, CO 	? 	[Ticket]-[Setlist]-[Reviews]-[Pics]-[Comments]
Dec ?? 	USA 	Tulsa, OK 	Cain's Ballroom 	[Ticket]-[Setlist]-[Reviews]-[Pics]-[Comments]
Dec ?? 	USA 	San Francisco, CA 	Warfield Theatre 	[Ticket]-[Setlist]-[Reviews]-[Pics]-[Comments]
Dec ?? 	USA 	Santa Clara, CA 	One Step Beyond 	[Ticket]-[Setlist]-[Reviews]-[Pics]-[Comments]
Dec ?? 	USA 	Jacksonville Beach, FL 	Einstein A Go Go's 	[Ticket]-[Setlist]-[Reviews]-[Pics]-[Comments]
Dec 4 	USA 	St. Petersburg, FL 	Jannus Landing 	[Ticket]-[Setlist]-[Reviews]-[Pics]-[Comments]
Dec 5 	USA 	Miami, FL 	Cameo Theatre 	[Ticket]-[Setlist]-[Reviews]-[Pics]-[Comments]
Dec 9 	USA 	New Orleans, LA 	Storyville Jazz Hall 	[Ticket]-[Setlist]-[Reviews]-[Pics]-[Comments]
Dec 10 	USA 	Houston, TX 	The Xcess 	[Ticket]-[Setlist]-[Reviews]-[Pics]-[Comments]
Dec 11 	USA 	Austin, TX 	Texas Tavern 	[Ticket]-[Setlist]-[Reviews]-[Pics]-[Comments]
Dec 12 	USA 	San Antonio, TX 	Woodlawn Theatre 	[Ticket]-[Setlist]-[Reviews]-[Pics]-[Comments]
Dec 13 	USA 	Dallas, TX 	Arcadia Theatre 	[Ticket]-[Setlist]-[Reviews]-[Pics]-[Comments]
Dec 14 	USA 	Oklahoma City, OK 	VZD's Club 	[Ticket]-[Setlist]-[Reviews]-[Pics]-[Comments]
Dec 17 	USA 	Santa Fe, NM 	Club West 	[Ticket]-[Setlist]-[Reviews]-[Pics]-[Comments]
Dec 18 	USA 	Denver, CO 	Auditorium Theatre 	[Ticket]-[Setlist]-[Reviews]-[Pics]-[Comments]
Dec 20 	USA 	Anaheim, CA 	? 	[Ticket]-[Setlist]-[Reviews]-[Pics]-[Comments]
Dec 26 	USA 	Anaheim, CA 	Celebrity Theatre 	[Ticket]-[Setlist]-[Reviews]-[Pics]-[Comments]
Dec 27 	USA 	Los Angeles, CA 	The Palace 	[Ticket]-[Setlist]-[Reviews]-[Pics]-[Comments]
Dec 28 	USA 	San Francisco, CA 	The Old Fillmore 	[Ticket]-[Setlist]-[Reviews]-[Pics]-[Comments]
Dec 30 	Canada 	Vancouver, BC 	Graceland 	[Ticket]-[Setlist]-[Reviews]-[Pics]-[Comments]
Dec 31 	Canada 	Vancouver, BC 	Graceland 	[Ticket]-[Setlist]-[Reviews]-[Pics]-[Comments]

[1988-00-00][1988-01-20]
Note: This was the last tour with the original line-up. The band came back in L.A. in June 1988 and Hillel died on the 25th. John then joined the band in either September or October 1988 (see Sep. 17 and Oct. 8 shows for more). Chad joined in early 1989. 

?? ?? 	USA 	Washington, DC 	9:30 Club 	[Ticket]-[Setlist]-[Reviews]-[Pics]-[Comments]
?? ?? 	USA 	San Jose, CA 	The Cactus Club 	[Ticket]-[Setlist]-[Reviews]-[Pics]-[Comments]
?? ?? 	USA 	Santa Cruz, CA 	Club Culture 	[Ticket]-[Setlist]-[Reviews]-[Pics]-[Comments]
?? ?? 	USA 	San Rafael, CA 	New George's Night Club 	[Ticket]-[Setlist]-[Reviews]-[Pics]-[Comments]
Jan ?? 	USA 	Los Angeles, CA 	The Palace 	[Ticket]-[Setlist]-[Reviews]-[Pics]-[Comments]
Jan 20 	USA 	Hollywood, CA 	Palomino Club 	[Ticket]-[Setlist]-[Reviews]-[Pics]-[Comments]

[1988-01-31][1988-02-22]
Note: This was the first European tour of the band.

Jan 31 	United Kingdom 	London 	Mean Fiddler 	[Ticket]-[Setlist]-[Reviews]-[Pics]-[Comments]
Feb 1 	United Kingdom 	London 	Mean Fiddler 	[Ticket]-[Setlist]-[Reviews]-[Pics]-[Comments]
Feb 3 	Germany 	Hamburg 	Markthalle 	[Ticket]-[Setlist]-[Reviews]-[Pics]-[Comments]
Feb 5 	Germany 	Berlin 	The Loft 	[Ticket]-[Setlist]-[Reviews]-[Pics]-[Comments]
Feb 7 	Germany 	Düsseldorf 	Junge Aktions Buhne 	[Ticket]-[Setlist]-[Reviews]-[Pics]-[Comments]
Feb 8 	Germany 	Frankfurt 	Batschkapp 	[Ticket]-[Setlist]-[Reviews]-[Pics]-[Comments]
Feb 10 	Switzerland 	Lausanne 	Dolce Vita 	[Ticket]-[Setlist]-[Reviews]-[Pics]-[Comments]
Feb 11 	Switzerland 	Zurich 	Rote Fabrik 	[Ticket]-[Setlist]-[Reviews]-[Pics]-[Comments]
Feb 16 	France 	Paris 	Rex Club 	[Ticket]-[Setlist]-[Reviews]-[Pics]-[Comments]
Feb 17 	Belgium 	Brussels 	BRT Studios 	[Ticket]-[Setlist]-[Reviews]-[Pics]-[Comments]
Feb 17 	Belgium 	Brussels 	Ancienne Belgique 	[Ticket]-[Setlist]-[Reviews]-[Pics]-[Comments]
Feb 18 	Netherlands 	Eindhoven 	De Effenaar 	[Ticket]-[Setlist]-[Reviews]-[Pics]-[Comments]
Feb 19 	Netherlands 	Utrecht 	Tivoli 	[Ticket]-[Setlist]-[Reviews]-[Pics]-[Comments]
Feb 20 	Netherlands 	Amsterdam 	Paradiso 	[Ticket]-[Setlist]-[Reviews]-[Pics]-[Comments]
Feb 21 	United Kingdom 	London 	Klub Foot 	[Ticket]-[Setlist]-[Reviews]-[Pics]-[Comments]
Feb 22 	United Kingdom 	London 	Klub Foot 	[Ticket]-[Setlist]-[Reviews]-[Pics]-[Comments]

[1988-02-24][1988-05-13]
Note: Before the 2nd European tour in May they did together with Fishbone and Thelonious Monster the Monsters Of Funk Tour.

Feb 24 	USA 	New York, NY 	The Ritz 	[Ticket]-[Setlist]-[Reviews]-[Pics]-[Comments]
Mar 2 	USA 	Washington, DC 	The Bayou 	[Ticket]-[Setlist]-[Reviews]-[Pics]-[Comments]
Mar 11 	USA 	Los Angeles, CA 	CSU Northridge Center 	[Ticket]-[Setlist]-[Reviews]-[Pics]-[Comments]
Mar 12 	USA 	Los Angeles, CA 	UC Crawford Hall 	[Ticket]-[Setlist]-[Reviews]-[Pics]-[Comments]
Mar 14 	USA 	San Diego, CA 	SDSU Montezuma Hall 	[Ticket]-[Setlist]-[Reviews]-[Pics]-[Comments]
Mar 27 	USA 	Los Angeles, CA 	John Anson Ford Theatre 	[Ticket]-[Setlist]-[Reviews]-[Pics]-[Comments]
Apr ?? 	USA 	Dallas, TX 	Club Clearview 	[Ticket]-[Setlist]-[Reviews]-[Pics]-[Comments]
Apr ?? 	USA 	Amherst, MA 	UMass 	[Ticket]-[Setlist]-[Reviews]-[Pics]-[Comments]
Apr ?? 	USA 	New York, NY 	The Ritz 	[Ticket]-[Setlist]-[Reviews]-[Pics]-[Comments]
Apr ?? 	USA 	Philadelphia, PA 	Temple University 	[Ticket]-[Setlist]-[Reviews]-[Pics]-[Comments]
Apr 2 	USA 	Los Angeles, CA 	Raji's 	[Ticket]-[Setlist]-[Reviews]-[Pics]-[Comments]
Apr 5 	USA 	Santa Barbara, CA 	UCSB University Center Pub 	[Ticket]-[Setlist]-[Reviews]-[Pics]-[Comments]
Apr 6 	USA 	Sacramento, CA 	Danceteria 	[Ticket]-[Setlist]-[Reviews]-[Pics]-[Comments]
Apr 8 	USA 	Santa Cruz, CA 	The Catalyst 	[Ticket]-[Setlist]-[Reviews]-[Pics]-[Comments]
Apr 9 	USA 	San Francisco, CA 	The Fillmore 	[Ticket]-[Setlist]-[Reviews]-[Pics]-[Comments]
Apr 13 	USA 	Kansas, MO 	KU Ballroom 	[Ticket]-[Setlist]-[Reviews]-[Pics]-[Comments]
Apr 14 	USA 	St. Louis, MO 	Mississippi Nights 	[Ticket]-[Setlist]-[Reviews]-[Pics]-[Comments]
Apr 15 	USA 	Chicago, IL 	The Riviera 	[Ticket]-[Setlist]-[Reviews]-[Pics]-[Comments]
Apr 16 	USA 	Milwaukee, WI 	Eagles Club 	[Ticket]-[Setlist]-[Reviews]-[Pics]-[Comments]
Apr 17 	USA 	Madison, WI 	Headliners 	[Ticket]-[Setlist]-[Reviews]-[Pics]-[Comments]
Apr 18 	USA 	Ann Arbor, MI 	Nectarine Ballroom 	[Ticket]-[Setlist]-[Reviews]-[Pics]-[Comments]
Apr 22 	USA 	New York, NY 	New York University 	[Ticket]-[Setlist]-[Reviews]-[Pics]-[Comments]
Apr 25 	USA 	Nassau, NY 	Community College 	[Ticket]-[Setlist]-[Reviews]-[Pics]-[Comments]
Apr 27 	USA 	Boston, MA 	The Channel 	[Ticket]-[Setlist]-[Reviews]-[Pics]-[Comments]
Apr 29 	USA 	Passaic, NJ 	Capitol Theatre 	[Ticket]-[Setlist]-[Reviews]-[Pics]-[Comments]
Apr 30 	USA 	Syracuse, NY 	Walnut Park 	[Ticket]-[Setlist]-[Reviews]-[Pics]-[Comments]
May ?? 	USA 	Pittsburgh, PA 	Graffiti Showcase 	[Ticket]-[Setlist]-[Reviews]-[Pics]-[Comments]
May ?? 	USA 	Irvine, CA 	UC Irvine 	[Ticket]-[Setlist]-[Reviews]-[Pics]-[Comments]
May ?? 	USA 	Charlotte, NC 	Park Elevator Club 	[Ticket]-[Setlist]-[Reviews]-[Pics]-[Comments]
May 1 	USA 	Washington, DC 	The Bayou 	[Ticket]-[Setlist]-[Reviews]-[Pics]-[Comments]
May 4 	USA 	Richmond, VA 	Rockitz 	[Ticket]-[Setlist]-[Reviews]-[Pics]-[Comments]
May 7 	USA 	Atlanta, GA 	Metroplex 	[Ticket]-[Setlist]-[Reviews]-[Pics]-[Comments]
May 11 	Mexico 	Tijuana, MX 	Rancho Grande 	[Ticket]-[Setlist]-[Reviews]-[Pics]-[Comments]
May 13 	USA 	Los Angeles, CA 	The Palace 	[Ticket]-[Setlist]-[Reviews]-[Pics]-[Comments]

[1988-05-00][1988-06-04]
Note: They started a 20-days Europe tour (including festivals) from May 17th.

May ?? 	United Kingdom 	London 	Jonathan Ross Show 	[Ticket]-[Setlist]-[Reviews]-[Pics]-[Comments]
May 19 	United Kingdom 	Manchester 	International 	[Ticket]-[Setlist]-[Reviews]-[Pics]-[Comments]
May 20 	United Kingdom 	Leicester 	Polytechnic 	[Ticket]-[Setlist]-[Reviews]-[Pics]-[Comments]
May 21 	United Kingdom 	London 	Camden Electric Ballroom 	[Ticket]-[Setlist]-[Reviews]-[Pics]-[Comments]
May 23 	Netherlands 	Landgraaf 	Pinkpop Festival 	[Ticket]-[Setlist]-[Reviews]-[Pics]-[Comments]
May 29 	Germany 	Bielefeld 	PC69 	[Ticket]-[Setlist]-[Reviews]-[Pics]-[Comments]
Jun 2 	Norway 	Oslo 	Sardines 	[Ticket]-[Setlist]-[Reviews]-[Pics]-[Comments]
Jun 4 	Finland 	Seinäjoki 	Provinssi Rockfest 	[Ticket]-[Setlist]-[Reviews]-[Pics]-[Comments]

[1988-09-00][1988-12-31]

Note: US tour with a new line-up: D.H. Peligro on drums and first McKnight on guitar then John Frusciante. McKnight supposedly did 3 shows with the Peppers: Alcohol Salad, Palo Alto and Oakland. He was then fired.

Sep ?? 	USA 	Los Angeles, CA 	Alcohol Salad 	[Ticket]-[Setlist]-[Reviews]-[Pics]-[Comments]
Sep ?? 	USA 	Palo Alto, CA 	The Keystone? 	[Ticket]-[Setlist]-[Reviews]-[Pics]-[Comments]
Sep ?? 	USA 	Oakland, CA 	? 	[Ticket]-[Setlist]-[Reviews]-[Pics]-[Comments]
Sep ?? 	USA 	? 	2HIP4TV 	[Ticket]-[Setlist]-[Reviews]-[Pics]-[Comments]
Sep 17 	USA 	Los Angeles, CA 	John Anson Ford Theater 	Cancelled-[Pics]-[Comments]
Oct 5 	USA 	Tempe, AZ 	Six Feet Under 	[Ticket]-[Setlist]-[Reviews]-[Pics]-[Comments]
Oct 8 	USA 	Los Angeles, CA 	John Anson Ford Theater 	[Ticket]-[Setlist]-[Reviews]-[Pics]-[Comments]
Oct 9 	USA 	Columbus, OH 	Octoke Gym 	[Ticket]-[Setlist]-[Reviews]-[Pics]-[Comments]
Oct 13 	USA 	Del Mar, AZ 	The Graduate 	[Ticket]-[Setlist]-[Reviews]-[Pics]-[Comments]
Oct 31 	USA 	Boulder, CO 	Glenn Miller Ballroom 	[Ticket]-[Setlist]-[Reviews]-[Pics]-[Comments]
Nov ?? 	USA 	Albany, NY 	The QE2 Club 	[Ticket]-[Setlist]-[Reviews]-[Pics]-[Comments]
Nov 8 	USA 	Pittsburgh, PA 	The Graffiti Showcase 	[Ticket]-[Setlist]-[Reviews]-[Pics]-[Comments]
Nov 9 	USA 	Salt Lake City, UT 	Olpin Union Ballroom 	[Ticket]-[Setlist]-[Reviews]-[Pics]-[Comments]
Nov 11 	USA 	Boulder, CO 	University Memorial Center 	[Ticket]-[Setlist]-[Reviews]-[Pics]-[Comments]
Nov 15 	USA 	Omaha, NE 	The Ranch Bowl 	[Ticket]-[Setlist]-[Reviews]-[Pics]-[Comments]
Nov 16 	USA 	Minneapolis, MN 	First Avenue Club 	[Ticket]-[Setlist]-[Reviews]-[Pics]-[Comments]
Nov 18 	USA 	Chicago, IL 	The Metro 	[Ticket]-[Setlist]-[Reviews]-[Pics]-[Comments]
Nov 19 	USA 	Detroit, MI 	St. Andrews Hall 	[Ticket]-[Setlist]-[Reviews]-[Pics]-[Comments]
Nov 25 	USA 	Los Angeles, CA 	The Victoria Theatre 	[Ticket]-[Setlist]-[Reviews]-[Pics]-[Comments]
Nov 26 	USA 	Long Beach, CA 	Cal. State Multipurpose Room 	[Ticket]-[Setlist]-[Reviews]-[Pics]-[Comments]
Nov 29 	USA 	Long Beach, CA 	L.A.'s Magical Moments 	[Ticket]-[Setlist]-[Reviews]-[Pics]-[Comments]
Dec 29 	USA 	Seattle, WA 	The Moore Theater 	Cancelled-[Pics]-[Comments]
Dec 30 	Canada 	Vancouver, BC 	Commodore Ballroom 	[Ticket]-[Setlist]-[Reviews]-[Pics]-[Comments]
Dec 31 	USA 	Portland, OR 	Pine St Theatre 	[Ticket]-[Setlist]-[Reviews]-[Pics]-[Comments]